{"cameraMode":{"drawMode":0,"name":"Shaded","section":"Shading Mode"},"sceneLighting":false,"audioPlay":false,"sceneViewState":{"showFog":true,"showMaterialUpdate":false,"showSkybox":false,"showFlares":true,"showImageEffects":true,"showParticleSystems":true},"in2DMode":false,"pivot":{"x":1.690000057220459,"y":1.3689825534820557,"z":7.450580596923828e-9},"rotation":{"x":-0.19077318906784059,"y":-0.0615343414247036,"z":0.012002109549939633,"w":-0.9797472953796387},"size":4.675562381744385,"orthographic":false}