{"cameraMode":{"drawMode":0,"name":"Shaded","section":"Shading Mode"},"sceneLighting":false,"audioPlay":false,"sceneViewState":{"showFog":true,"showMaterialUpdate":false,"showSkybox":false,"showFlares":true,"showImageEffects":true,"showParticleSystems":true},"in2DMode":false,"pivot":{"x":0.1021738052368164,"y":0.5494325160980225,"z":-2.2596583366394045},"rotation":{"x":-0.06671728938817978,"y":-0.9253596663475037,"z":0.19317516684532166,"w":-0.31942248344421389},"size":7.16517972946167,"orthographic":false}