{"cameraMode":{"drawMode":0,"name":"Shaded","section":"Shading Mode"},"sceneLighting":false,"audioPlay":false,"sceneViewState":{"showFog":true,"showMaterialUpdate":false,"showSkybox":false,"showFlares":true,"showImageEffects":true,"showParticleSystems":true},"in2DMode":false,"pivot":{"x":-1.1000733375549317,"y":0.17521905899047852,"z":-2.393977165222168},"rotation":{"x":-0.05750289559364319,"y":-0.9404569268226624,"z":0.20222505927085877,"w":-0.2672593593597412},"size":4.2020263671875,"orthographic":false}