{"cameraMode":{"drawMode":0,"name":"Shaded","section":"Shading Mode"},"sceneLighting":false,"audioPlay":false,"sceneViewState":{"showFog":true,"showMaterialUpdate":false,"showSkybox":false,"showFlares":true,"showImageEffects":true,"showParticleSystems":true},"in2DMode":false,"pivot":{"x":-1.4559999704360963,"y":0.4200001060962677,"z":-0.0020000338554382326},"rotation":{"x":-0.19077318906784059,"y":-0.0615343414247036,"z":0.012002109549939633,"w":-0.9797472953796387},"size":2.7187116146087648,"orthographic":false}