{"cameraMode":{"drawMode":0,"name":"Shaded","section":"Shading Mode"},"sceneLighting":false,"audioPlay":false,"sceneViewState":{"showFog":true,"showMaterialUpdate":false,"showSkybox":false,"showFlares":true,"showImageEffects":true,"showParticleSystems":true},"in2DMode":false,"pivot":{"x":0.0018178224563598633,"y":0.2834095060825348,"z":0.0005217790603637695},"rotation":{"x":-0.19077318906784059,"y":-0.0615343414247036,"z":0.012002109549939633,"w":-0.9797472953796387},"size":3.454068183898926,"orthographic":false}