{"cameraMode":{"drawMode":0,"name":"Shaded","section":"Shading Mode"},"sceneLighting":false,"audioPlay":false,"sceneViewState":{"showFog":true,"showMaterialUpdate":false,"showSkybox":false,"showFlares":true,"showImageEffects":true,"showParticleSystems":true},"in2DMode":false,"pivot":{"x":0.12742555141448975,"y":0.7146353721618652,"z":-0.07659628987312317},"rotation":{"x":-0.1475384533405304,"y":-0.7249904274940491,"z":0.16386187076568604,"w":-0.6525778770446777},"size":5.093977928161621,"orthographic":false}