{"cameraMode":{"drawMode":0,"name":"Shaded","section":"Shading Mode"},"sceneLighting":false,"audioPlay":false,"sceneViewState":{"showFog":true,"showMaterialUpdate":false,"showSkybox":false,"showFlares":true,"showImageEffects":true,"showParticleSystems":true},"in2DMode":false,"pivot":{"x":0.6632785797119141,"y":0.12293529510498047,"z":1.1856114864349366},"rotation":{"x":-0.2234344482421875,"y":-0.2648431956768036,"z":0.06319849193096161,"w":-0.9360398054122925},"size":4.624627590179443,"orthographic":false}