{"cameraMode":{"drawMode":0,"name":"Shaded","section":"Shading Mode"},"sceneLighting":false,"audioPlay":false,"sceneViewState":{"showFog":true,"showMaterialUpdate":false,"showSkybox":false,"showFlares":true,"showImageEffects":true,"showParticleSystems":true},"in2DMode":false,"pivot":{"x":1.2730112075805665,"y":0.014469742774963379,"z":-18.605512619018556},"rotation":{"x":-0.1907021552324295,"y":-0.06742534786462784,"z":0.013085788115859032,"w":-0.9793593287467957},"size":4.265951156616211,"orthographic":false}