{"cameraMode":{"drawMode":0,"name":"Shaded","section":"Shading Mode"},"sceneLighting":false,"audioPlay":false,"sceneViewState":{"showFog":true,"showMaterialUpdate":false,"showSkybox":false,"showFlares":true,"showImageEffects":true,"showParticleSystems":true},"in2DMode":false,"pivot":{"x":-1.019021987915039,"y":1.0033458471298218,"z":-20.085357666015626},"rotation":{"x":-0.1907021552324295,"y":-0.06742534786462784,"z":0.013085788115859032,"w":-0.9793593287467957},"size":2.9302332401275636,"orthographic":false}