{"cameraMode":{"drawMode":0,"name":"Shaded","section":"Shading Mode"},"sceneLighting":false,"audioPlay":false,"sceneViewState":{"showFog":true,"showMaterialUpdate":false,"showSkybox":false,"showFlares":true,"showImageEffects":true,"showParticleSystems":true},"in2DMode":false,"pivot":{"x":-10.766576766967774,"y":-2.76875638961792,"z":4.893439292907715},"rotation":{"x":-0.165024071931839,"y":0.6056668758392334,"z":-0.13026420772075654,"w":-0.7674993872642517},"size":19.80423355102539,"orthographic":false}