{"cameraMode":{"drawMode":0,"name":"Shaded","section":"Shading Mode"},"sceneLighting":false,"audioPlay":false,"sceneViewState":{"showFog":true,"showMaterialUpdate":false,"showSkybox":false,"showFlares":true,"showImageEffects":true,"showParticleSystems":true},"in2DMode":false,"pivot":{"x":0.053562164306640628,"y":0.6875,"z":-35.3988037109375},"rotation":{"x":0.0487942174077034,"y":0.12313493341207504,"z":0.00606978964060545,"w":-0.991227388381958},"size":81.5348129272461,"orthographic":true}